"","relevantfeatures","featuresignificance"
"1","A",5.39713041758755e-11
"2","C",0.00940233799744675
"3","AC",0.00119676425793209
"4","AG",0.00365491660062473
"5","AT",0.000102965892043359
"6","CG",2.55159965185395e-09
"7","GG",3.00689991064867e-06
"8","TG",3.76431301798212e-13
"9","TT",0.000252894764710012
"10","ATG",0.000963309352880619
"11","TAG",0.000847991321522908
"12","TGA",0.000137775881926955
"13","AAGG",0.0117040381271682
"14","CCGA",0.00535431284415051
"15","CGTG",0.0451836701909789
"16","GATA",5.60085420117525e-05
"17","GCAT",2.56452209052947e-07
"18","GTGA",0.00880820663124391
"19","TAGG",0.0054543785402094
"20","TGAG",0.0177050542009165
"21","TGTA",0.00957999841437516
"22","A_16",0.00153692517860621
"23","C_20",1.66615424951908e-12
"24","C_22",3.49660370531145e-07
"25","C_24",4.3282386017953e-12
"26","G_18",2.89755063982148e-08
"27","G_20",0.00245798361634704
"28","G_21",0.000580209545116489
"29","G_24",1.67295845162125e-12
"30","G_28",2.72078768179322e-05
"31","T_23",1.23981869711932e-09
"32","CC_20",2.06031257560547e-07
"33","CT_7",9.24153485971413e-06
"34","CT_24",0.0064056575792035
"35","GA_17",0.00220898096063211
"36","GC_19",0.0242234185144147
"37","GC_27",0.00954032527526893
"38","TG_25",0.000755811356349478
"39","ACG_24",0.00116228659511737
"40","AGC_7",0.00410396824496013
"41","CAC_1",0.00880159311393667
"42","CAG_20",0.000256447942563635
"43","CAT_10",0.028225198655871
"44","CTA_17",0.0305718513726247
"45","GAA_14",0.00709079757456225
"46","GAC_15",0.0225495372253377
"47","GCA_5",0.0115049532867739
"48","GCA_19",0.00748040273899912
"49","GTA_11",0.00228103436988207
"50","TAG_15",0.00697427411470839
"51","TGC_4",0.0264499651217178
"52","AACA_21",6.72759604875153e-05
"53","AACT_7",0.000901167300662137
"54","AATG_19",0.000257483317221552
"55","ACTC_14",0.000224304245365095
"56","ACTG_21",0.00788929822032526
"57","AGAC_22",0.0382780283677376
"58","AGCC_5",1.9496509968208e-05
"59","AGGC_14",0.0226607980884709
"60","AGGT_14",0.000238346516964262
"61","AGTG_20",0.000462041002683284
"62","ATAG_11",0.033862450314284
"63","ATCA_14",0.000142392003462045
"64","ATCG_21",0.00589178519523205
"65","ATGA_7",0.00412280313998232
"66","CAAG_13",2.24090080881876e-07
"67","CAAT_18",0.0393903977845405
"68","CACA_18",0.0187748622982436
"69","CACG_23",0.0125054070959824
"70","CAGA_21",0.0115352732753854
"71","CAGC_22",0.000400445402406894
"72","CATA_11",0.000170704902299035
"73","CATG_8",0.0420500065783223
"74","CCAA_5",0.000398088436654528
"75","CCAG_21",0.0299423105445596
"76","CCCG_21",0.0170625772547968
"77","CCGA_11",4.06619992412952e-05
"78","CCGT_12",0.0292108059301835
"79","CGAT_19",0.000210308849460571
"80","CGTA_13",0.0487112893121582
"81","CGTC_15",1.90281860711637e-05
"82","CGTG_8",0.00219892451191171
"83","CTAC_18",0.000974007696268347
"84","CTAG_14",0.0356134852911122
"85","CTAG_17",0.0123434960209978
"86","CTCT_8",0.00076206146364253
"87","GAAA_14",0.00844710712946898
"88","GAAG_1",0.000218729807225278
"89","GAAT_14",0.00569911274923514
"90","GACC_21",4.72814940212906e-06
"91","GACT_13",0.0283733539934473
"92","GAGC_3",0.00217222287806847
"93","GAGC_8",0.0392800973566648
"94","GATA_2",0.0164450763885848
"95","GCAA_2",0.000616314372054979
"96","GCAT_8",0.001381415246431
"97","GCAT_11",0.0006724237094132
"98","GTAG_14",0.0302736001751432
"99","GTCT_6",0.00191584479147004
"100","GTCT_8",0.0257779023757398
"101","GTGT_5",0.00270706092375318
"102","GTGT_8",0.00844406524729268
"103","TAAT_16",0.00261087985133444
"104","TACA_6",0.0129564761330133
"105","TAGA_6",1.7987591112177e-05
"106","TAGC_15",0.046543608720328
"107","TAGT_15",3.40591032376581e-06
"108","TCCA_18",0.0328660678264046
"109","TCCC_18",0.0107964960894719
"110","TCCC_19",0.020957563655996
"111","TCCG_5",0.00955213721375854
"112","TCGT_22",0.007487800508468
"113","TGAA_12",0.00967925378678545
"114","TGCA_4",0.0410084171471546
"115","TGCA_7",0.00352196688130612
"116","TGTA_9",0.00290199794200118
"117","TGTT_6",0.00872999099660083
"118","TTTC_17",0.00121844952246387
"119","mfe",0.0139156017145587
"120","percentpeptide",7.64430379877129e-18
